longitude,latitude,bias_weight
78.16667,11.65,0.5816326530612245
76.199917,10.488756,0.5222634508348795
92.73333,11.58333,0.7193877551020408
91.63333,25.58333,0.6673469387755102
91.63333,25.58333,0.6673469387755102
88.36667,22.53333,0.9795918367346939
73.95,15.6,0.5222634508348795
73.879094,17.122794,0.619309262166405
76.991524,8.541477,0.5222634508348795
76.080832,10.890088,0.5222634508348795
76.5855,9.30104,0.5222634508348795
76.317556,9.94154,0.5222634508348795
73.167413,17.553701,0.5222634508348795
76.323105,10.053801,0.5222634508348795
76.197328,10.610244,0.5222634508348795
76.521431,9.128452,0.5222634508348795
75.506311,12.021325,0.5816326530612245
77.177485,9.412784,0.5424489795918367
76.327449,10.056635,0.5222634508348795
77.036945,10.143506,0.5424489795918367
76.962922,10.337443,0.5424489795918367
76.33709,11.213768,0.5424489795918367
76.885157,9.61983,0.5816326530612245
88.589325,27.311206,0.5424489795918367
77.135696,8.678596,0.5816326530612245
76.926094,9.017612,0.5816326530612245
74.992985,13.12331,0.5222634508348795
76.722294,10.093306,0.5424489795918367
76.189682,10.52244,0.5222634508348795
75.681723,12.851109,0.5979591836734693
76.317368,9.941439,0.5222634508348795
73.462745,18.471628,0.5979591836734693
75.916882,11.843808,0.5424489795918367
75.93798,11.73398,0.5424489795918367
76.339955,10.156235,0.5222634508348795
75.134758,13.567355,0.5979591836734693
76.57722,10.028815,0.5816326530612245
76.966059,9.585088,0.5816326530612245
76.358184,10.038719,0.5222634508348795
73.388553,16.466627,0.5222634508348795
75.250823,12.154406,0.5222634508348795
76.951003,10.323591,0.5424489795918367
81.690132,17.616484,0.5
76.188,10.59,0.5222634508348795
73.356766,18.764506,0.5979591836734693
76.834978,10.310403,0.5424489795918367
76.295555,9.997962,0.5222634508348795
76.303117,9.796114,0.5222634508348795
75.200627,12.057492,0.5222634508348795
76.326092,9.947476,0.5222634508348795
76.747138,11.292935,0.5424489795918367
76.644037,9.512266,0.5222634508348795
81.689642,17.605621,0.5
76.228666,10.607681,0.5222634508348795
73.324555,16.73438,0.5222634508348795
73.074894,18.383171,0.619309262166405
76.405504,10.765551,0.5222634508348795
75.591783,12.011242,0.5424489795918367
76.641644,9.034502,0.5222634508348795
76.195693,10.61051,0.5222634508348795
76.997665,8.545755,0.5222634508348795
73.132133,18.292455,0.619309262166405
76.338578,10.050635,0.5222634508348795
75.241922,12.085372,0.5222634508348795
76.338441,10.050968,0.5222634508348795
75.559944,12.502508,0.5424489795918367
73.670628,17.426835,0.5979591836734693
76.343325,10.533287,0.5222634508348795
76.877653,9.63015,0.5816326530612245
76.708583,8.837406,0.5222634508348795
74.182722,14.819956,0.5222634508348795
75.332347,12.485476,0.5424489795918367
75.135127,13.567533,0.5979591836734693
73.335128,18.784155,0.5979591836734693
75.201436,12.054755,0.5222634508348795
76.358183,10.038746,0.5222634508348795
76.323892,10.054319,0.5222634508348795
76.114631,11.068181,0.5222634508348795
76.701737,10.112671,0.5424489795918367
73.3951,16.6998,0.5222634508348795
74.002686,15.774211,0.619309262166405
76.324965,9.946733,0.5222634508348795
75.792722,11.922123,0.5424489795918367
75.918663,11.287773,0.5222634508348795
75.045731,12.410595,0.5222634508348795
75.20225,12.052299,0.5222634508348795
76.344211,10.278211,0.5222634508348795
81.768805,17.869828,0.5
86.571869,21.926873,0.5
76.304952,9.812142,0.5222634508348795
75.776393,12.563735,0.5979591836734693
76.323111,10.053816,0.5222634508348795
76.214531,10.616592,0.5222634508348795
76.601925,8.870658,0.5222634508348795
76.119853,10.439142,0.5222634508348795
76.966431,10.336548,0.5424489795918367
76.31958,9.918855,0.5222634508348795
76.378312,9.633938,0.5222634508348795
76.992977,10.373051,0.5424489795918367
76.722276,10.308434,0.5424489795918367
76.338686,10.050961,0.5222634508348795
76.321731,9.969053,0.5222634508348795
75.414078,12.129835,0.5816326530612245
73.983,15.770006,0.619309262166405
76.214508,10.61667,0.5222634508348795
76.21357,10.444561,0.5222634508348795
76.364893,10.098259,0.5222634508348795
76.346528,10.061206,0.5222634508348795
75.478113,12.401105,0.5424489795918367
75.687447,12.447266,0.5424489795918367
96.535809,27.445472,0.5979591836734693
76.92235,9.247178,0.5816326530612245
73.356641,18.764436,0.5979591836734693
76.375937,10.776729,0.5222634508348795
76.358471,10.039414,0.5222634508348795
76.346528,10.061206,0.5222634508348795
76.660105,9.009707,0.5222634508348795
72.910201,19.418753,0.5222634508348795
72.946022,19.238876,0.5222634508348795
75.733254,13.409943,0.619309262166405
77.045014,10.011797,0.5424489795918367
76.878267,9.627842,0.5816326530612245
74.070558,16.220015,0.5979591836734693
72.94458,19.233765,0.5222634508348795
76.668881,9.122292,0.5222634508348795
76.601875,8.870089,0.5222634508348795
76.870514,9.607047,0.5816326530612245
76.324657,10.058021,0.5222634508348795
73.827065,15.496596,0.5222634508348795
92.95554,11.991787,0.7193877551020408
76.593985,9.70632,0.5222634508348795
76.394928,10.278506,0.5222634508348795
74.043716,14.989573,0.5222634508348795
88.615691,27.159387,0.5979591836734693
73.785137,15.723182,0.5222634508348795
79.616202,22.883478,0.5
77.065081,8.963245,0.5424489795918367
76.38333,11.45,0.5816326530612245
80.35,29.77,0.5748299319727891
76.733488,9.251722,0.5222634508348795
73.284296,19.002422,0.5979591836734693
73.462681,18.472096,0.5979591836734693
76.57772,8.95919,1.0
73.45485,25.24063,0.607871720116618
76.67767,8.80833,0.5222634508348795
77.05285,8.34321,0.5222634508348795
88.279352,26.883225,0.5424489795918367
88.342,26.977,0.5979591836734693
75.5586,11.81452,0.5222634508348795
77.05402,8.3598,0.5222634508348795
76.57853,9.39771,0.5222634508348795
76.37539,11.00227,0.5424489795918367
76.75949,8.77401,0.5222634508348795
77.09479,8.53856,0.5816326530612245
77.10492,8.52344,0.5816326530612245
77.05188,8.34387,0.5222634508348795
76.6885,8.81212,0.5222634508348795
76.58996,9.38373,0.5222634508348795
75.25374,12.16848,0.5222634508348795
77.07299,8.45517,0.5222634508348795
77.04956,8.33762,0.5222634508348795
77.11132,8.5311,0.5816326530612245
75.22711,12.14266,0.5222634508348795
76.03898,10.60804,0.5222634508348795
75.24907,12.15049,0.5222634508348795
75.20583,12.10507,0.5222634508348795
75.21937,12.13474,0.5222634508348795
75.2447,12.17183,0.5222634508348795
77.08523,8.50327,0.5222634508348795
75.25856,12.16764,0.5222634508348795
75.23088,12.10065,0.5222634508348795
75.21931,12.11419,0.5222634508348795
76.78263,8.75946,0.5222634508348795
77.04894,8.34187,0.5222634508348795
75.24436,12.17563,0.5222634508348795
75.22117,12.11687,0.5222634508348795
75.23018,12.15882,0.5222634508348795
77.11114,8.52071,0.5816326530612245
76.7599,8.79039,0.5222634508348795
75.24342,12.17469,0.5222634508348795
75.70848,12.56669,0.5979591836734693
75.23624,12.1397,0.5222634508348795
77.07023,8.46611,0.5222634508348795
77.07881,8.45498,0.5222634508348795
75.22896,12.14624,0.5222634508348795
75.20599,12.10186,0.5222634508348795
75.21619,12.13239,0.5222634508348795
76.80315,8.75277,0.5222634508348795
75.19249,12.09712,0.5222634508348795
75.22085,12.15891,0.5222634508348795
75.54963,11.80493,0.5222634508348795
76.79082,9.2667,0.5816326530612245
76.77292,8.75311,0.5222634508348795
75.24178,12.17238,0.5222634508348795
75.321,11.97498,0.5222634508348795
75.39359,11.87173,0.5222634508348795
75.32816,11.96585,0.5222634508348795
75.28932,12.11202,0.5222634508348795
75.36858,11.97402,0.5222634508348795
76.79564,8.70415,0.5222634508348795
75.30003,12.13769,0.5222634508348795
75.30003,12.13757,0.5222634508348795
75.37018,11.99507,0.5222634508348795
75.39566,11.87134,0.5222634508348795
76.75243,8.80497,0.5222634508348795
76.74443,8.78155,0.5222634508348795
76.77137,9.18342,0.5222634508348795
76.7893,8.78403,0.5222634508348795
76.7636,8.81006,0.5222634508348795
76.75615,8.81636,0.5222634508348795
76.81208,8.71107,0.5222634508348795
76.76345,8.82475,0.5222634508348795
76.44449,9.78619,0.5222634508348795
76.84105,8.65762,0.5222634508348795
76.76183,8.74509,0.5222634508348795
77.08641,8.50353,0.5222634508348795
76.66217,8.85089,0.5222634508348795
75.57842,11.62616,0.5222634508348795
76.41764,9.76988,0.5222634508348795
76.65939,8.84311,0.5222634508348795
76.65762,8.84359,0.5222634508348795
77.07897,8.50552,0.5222634508348795
76.44959,9.78499,0.5222634508348795
75.90198,11.07438,0.5222634508348795
76.43243,9.76906,0.5222634508348795
76.63091,8.87296,0.5222634508348795
76.46335,9.79714,0.5222634508348795
76.43636,9.76661,0.5222634508348795
76.65543,8.88728,0.5222634508348795
76.6414,8.87012,0.5222634508348795
76.78673,8.78184,0.5222634508348795
76.43358,9.77999,0.5222634508348795
75.96249,10.90994,0.5222634508348795
75.92459,10.91675,0.5222634508348795
76.73036,8.74608,0.5222634508348795
76.69651,8.81955,0.5222634508348795
75.95029,11.36754,0.5816326530612245
75.39568,11.8714,0.5222634508348795
75.96549,10.92011,0.5222634508348795
76.60207,8.8807,0.5222634508348795
75.36456,12.02919,0.5222634508348795
75.37063,11.87811,0.5222634508348795
76.75862,8.75687,0.5222634508348795
75.96543,10.92018,0.5222634508348795
76.39267,9.72164,0.5222634508348795
76.01751,11.00579,0.5222634508348795
75.49707,11.80909,0.5222634508348795
76.56109,8.90655,0.5222634508348795
75.89109,10.96572,0.5222634508348795
75.6011,11.60496,0.5222634508348795
75.98766,11.39881,0.5424489795918367
76.7726,8.75197,0.5222634508348795
76.62247,9.14048,0.5222634508348795
75.23392,12.03161,0.5222634508348795
76.60099,9.17132,0.5222634508348795
76.7914,8.76285,0.5222634508348795
76.64532,9.05573,0.5222634508348795
76.63804,9.08876,0.5222634508348795
76.60804,9.17308,0.5222634508348795
76.63221,9.12634,0.5222634508348795
76.75966,8.81083,0.5222634508348795
75.59037,11.5981,0.5222634508348795
76.61447,9.14489,0.5222634508348795
76.29268,10.13036,0.5222634508348795
76.71638,8.73789,0.5222634508348795
76.29176,10.32576,0.5222634508348795
76.58139,9.15416,0.5222634508348795
75.39512,11.87142,0.5222634508348795
76.24318,10.45436,0.5222634508348795
75.37198,11.8761,0.5222634508348795
76.51265,9.62564,0.5222634508348795
77.12213,8.53221,0.5816326530612245
76.80537,8.73991,0.5222634508348795
77.05009,8.33931,0.5222634508348795
76.3788,10.11642,0.5222634508348795
76.64564,8.86771,0.5222634508348795
75.25082,12.15441,0.5222634508348795
77.05477,8.34888,0.5222634508348795
76.17207,10.78657,0.5222634508348795
76.75834,8.78793,0.5222634508348795
76.07413,10.65183,0.5222634508348795
75.61257,11.61856,0.5222634508348795
75.24518,12.17743,0.5222634508348795
77.10818,8.53601,0.5816326530612245
76.57979,9.38265,0.5222634508348795
75.60915,11.60835,0.5222634508348795
76.92856,8.52788,0.5222634508348795
75.22148,12.11304,0.5222634508348795
75.24509,12.18174,0.5222634508348795
75.22088,12.10599,0.5222634508348795
75.22196,12.20689,0.5222634508348795
76.73058,9.29535,0.5222634508348795
75.22338,12.1315,0.5222634508348795
76.73546,9.29052,0.5222634508348795
75.2271,12.13008,0.5222634508348795
75.40273,11.86936,0.5222634508348795
75.24257,12.13772,0.5222634508348795
75.21882,12.12727,0.5222634508348795
75.37272,11.99174,0.5222634508348795
75.29634,12.06844,0.5222634508348795
75.3716,11.8873,0.5222634508348795
75.34083,12.05488,0.5222634508348795
75.36626,11.87197,0.5222634508348795
75.28935,12.07134,0.5222634508348795
76.73832,8.81143,0.5222634508348795
75.29094,12.07291,0.5222634508348795
76.75916,8.82267,0.5222634508348795
77.10988,8.53332,0.5816326530612245
75.27759,12.10079,0.5222634508348795
76.75625,8.99689,0.5222634508348795
76.85672,8.60893,0.5222634508348795
77.08872,8.504,0.5222634508348795
76.47246,9.78776,0.5222634508348795
76.76017,8.78218,0.5222634508348795
76.81799,8.72388,0.5222634508348795
75.92599,10.91512,0.5222634508348795
75.72853,12.92712,0.5979591836734693
76.4624,9.78377,0.5222634508348795
76.44535,9.78554,0.5222634508348795
76.65869,8.85396,0.5222634508348795
75.9659,10.92056,0.5222634508348795
76.01772,11.00543,0.5222634508348795
75.39459,11.87149,0.5222634508348795
76.81391,8.69571,0.5222634508348795
72.63373,23.21302,0.5816326530612245
76.71206,8.75703,0.5222634508348795
75.3816,11.87442,0.5222634508348795
76.75887,8.81235,0.5222634508348795
76.8058,10.96181,0.5816326530612245
76.40141,10.88751,0.5816326530612245
76.23394,11.66161,0.5816326530612245
74.50661,15.82888,0.607871720116618
75.58914,11.60488,0.5222634508348795
76.60179,9.17162,0.5222634508348795
76.63249,9.12779,0.5222634508348795
76.63294,9.11441,0.5222634508348795
76.73616,8.77128,0.5222634508348795
76.56578,9.15547,0.5222634508348795
75.55089,11.8102,0.5222634508348795
75.55975,11.81621,0.5222634508348795
75.36528,11.87379,0.5222634508348795
76.63231,9.13227,0.5222634508348795
77.05789,8.349,0.5222634508348795
76.64012,8.8709,0.5222634508348795
75.58239,11.8128,0.5222634508348795
75.24298,12.14888,0.5222634508348795
76.75791,8.75685,0.5222634508348795
76.6286,9.04201,0.5222634508348795
75.23425,12.10064,0.5222634508348795
76.58315,9.38788,0.5222634508348795
76.78695,8.78228,0.5222634508348795
75.23488,12.09898,0.5222634508348795
75.57952,11.62565,0.5222634508348795
75.2279,12.1209,0.5222634508348795
76.54146,9.35815,0.5222634508348795
75.23332,12.10338,0.5222634508348795
76.77627,8.7536,0.5222634508348795
75.36807,11.89541,0.5222634508348795
76.57446,9.32071,0.5222634508348795
75.35607,12.04293,0.5222634508348795
75.40845,11.86434,0.5222634508348795
75.22566,12.15317,0.5222634508348795
77.06625,8.45416,0.5222634508348795
75.35977,11.96653,0.5222634508348795
75.36908,11.89179,0.5222634508348795
75.36108,12.03513,0.5222634508348795
75.24017,12.1687,0.5222634508348795
75.38668,11.87415,0.5222634508348795
76.78862,9.26153,0.5816326530612245
75.42914,11.82142,0.5222634508348795
75.45678,11.78323,0.5222634508348795
76.73842,8.7993,0.5222634508348795
76.78485,8.79035,0.5222634508348795
75.24806,12.09246,0.5222634508348795
77.11061,8.50762,0.5816326530612245
77.08924,8.50502,0.5222634508348795
76.74881,8.78884,0.5222634508348795
77.1103,8.53299,0.5816326530612245
76.78907,9.03254,0.5222634508348795
76.78669,8.78681,0.5222634508348795
76.45997,9.79567,0.5222634508348795
76.46685,9.78952,0.5222634508348795
77.08251,8.50397,0.5222634508348795
76.4603,9.79902,0.5222634508348795
77.08551,8.50274,0.5222634508348795
76.46689,9.78925,0.5222634508348795
76.75915,8.78732,0.5222634508348795
76.72803,8.75944,0.5222634508348795
75.49703,11.80741,0.5222634508348795
73.35847,18.76608,0.5979591836734693
76.46114,9.79347,0.5222634508348795
76.38472,9.77686,0.5222634508348795
76.81814,8.72392,0.5222634508348795
73.35666,18.76501,0.5979591836734693
75.39448,11.87121,0.5222634508348795
77.08523,8.50325,0.5222634508348795
76.63877,9.08604,0.5222634508348795
76.64468,9.02717,0.5222634508348795
77.07605,8.46098,0.5222634508348795
75.99127,11.40444,0.5424489795918367
76.52068,9.10065,0.5222634508348795
74.85151,12.85151,0.5222634508348795
75.23327,12.03238,0.5222634508348795
76.86301,8.65494,0.5222634508348795
76.73133,9.14025,0.5222634508348795
76.6592,9.00869,0.5222634508348795
75.43191,11.82235,0.5222634508348795
76.62576,9.13615,0.5222634508348795
76.75781,8.78772,0.5222634508348795
75.4622,11.77805,0.5222634508348795
76.52679,9.17691,0.5222634508348795
74.75711,14.73035,0.5979591836734693
76.67457,8.95793,0.5222634508348795
76.65848,8.9418,0.5222634508348795
73.88134,15.3931,0.5222634508348795
75.23574,12.15147,0.5222634508348795
77.09765,8.50771,0.5816326530612245
77.0545,8.34939,0.5222634508348795
76.86053,8.61579,0.5222634508348795
75.23554,12.16463,0.5222634508348795
76.63469,9.09995,0.5222634508348795
75.60147,11.6319,0.5222634508348795
76.78888,8.76327,0.5222634508348795
77.12191,8.53247,0.5816326530612245
76.9611,8.48125,0.5222634508348795
77.04155,8.46092,0.5222634508348795
76.81636,9.25495,0.5816326530612245
76.78955,9.26682,0.5816326530612245
76.73398,9.29192,0.5222634508348795
77.08429,8.50403,0.5222634508348795
75.37245,11.88535,0.5222634508348795
75.35571,11.95564,0.5222634508348795
76.75582,8.79468,0.5222634508348795
75.38925,11.87382,0.5222634508348795
75.37444,11.98925,0.5222634508348795
75.25326,12.18577,0.5222634508348795
75.79925,11.53379,0.5816326530612245
75.2845,12.07281,0.5222634508348795
75.28314,12.07339,0.5222634508348795
75.35927,11.96218,0.5222634508348795
75.4288,11.82663,0.5222634508348795
77.07603,8.5049,0.5222634508348795
75.29521,12.06884,0.5222634508348795
75.33772,11.95121,0.5222634508348795
76.79211,8.7629,0.5222634508348795
77.09746,8.50702,0.5816326530612245
76.63237,8.8722,0.5222634508348795
76.74798,8.82804,0.5222634508348795
75.40778,11.86492,0.5222634508348795
76.42969,9.77517,0.5222634508348795
76.63037,8.88457,0.5222634508348795
77.08396,8.50425,0.5222634508348795
75.51408,11.80841,0.5222634508348795
76.72554,8.76023,0.5222634508348795
76.7884,8.78314,0.5222634508348795
76.4206,9.78845,0.5222634508348795
76.75808,8.78794,0.5222634508348795
76.76956,9.18588,0.5222634508348795
75.36675,11.87147,0.5222634508348795
76.71738,8.73863,0.5222634508348795
76.60198,9.16612,0.5222634508348795
79.80675,11.98704,0.7565597667638484
75.43476,11.84588,0.5222634508348795
76.61304,9.16003,0.5222634508348795
75.59231,11.59683,0.5222634508348795
76.28391,10.21394,0.5222634508348795
77.06371,8.40254,0.5222634508348795
76.60071,9.17073,0.5222634508348795
77.01864,8.48758,0.5222634508348795
76.79294,8.7591,0.5222634508348795
76.7266,8.76134,0.5222634508348795
76.27427,10.37823,0.5222634508348795
77.07241,8.47179,0.5222634508348795
75.29284,12.1157,0.5222634508348795
75.24093,12.14293,0.5222634508348795
75.24245,12.16798,0.5222634508348795
75.24826,12.14227,0.5222634508348795
75.35989,12.03569,0.5222634508348795
76.73289,9.293,0.5222634508348795
75.37191,11.86629,0.5222634508348795
75.21504,12.10347,0.5222634508348795
75.33605,12.06115,0.5222634508348795
75.42728,11.82351,0.5222634508348795
75.36577,11.87224,0.5222634508348795
75.618,11.61768,0.5222634508348795
75.40423,11.86798,0.5222634508348795
77.03949,8.50463,0.5222634508348795
75.34681,12.04847,0.5222634508348795
75.36266,12.03019,0.5222634508348795
75.27009,12.02036,0.5222634508348795
76.78419,9.00867,0.5222634508348795
75.92666,10.91439,0.5222634508348795
76.81377,8.71801,0.5222634508348795
76.43491,9.79216,0.5222634508348795
76.81366,8.69822,0.5222634508348795
76.77353,8.75291,0.5222634508348795
76.73397,8.84617,0.5222634508348795
76.4176,9.79336,0.5222634508348795
76.28264,10.72276,0.5222634508348795
76.39561,9.77396,0.5222634508348795
73.39848,18.75879,0.5979591836734693
76.74994,9.97712,0.5424489795918367
76.35724,9.75497,0.5222634508348795
74.18262,14.82013,0.5222634508348795
77.07082,8.46199,0.5222634508348795
76.50203,9.17126,0.5222634508348795
76.62251,9.14049,0.5222634508348795
76.62331,9.13975,0.5222634508348795
77.07482,8.45922,0.5222634508348795
76.63444,9.1032,0.5222634508348795
76.60772,9.15945,0.5222634508348795
76.64491,9.02676,0.5222634508348795
73.30484,20.33387,0.619309262166405
76.63809,9.06023,0.5222634508348795
76.22462,10.52902,0.5222634508348795
75.37974,11.87458,0.5222634508348795
76.63411,9.11431,0.5222634508348795
76.5905,9.14969,0.5222634508348795
75.42931,11.82282,0.5222634508348795
76.65908,8.84286,0.5222634508348795
76.62383,8.90544,0.5222634508348795
76.81813,8.72393,0.5222634508348795
77.09868,8.51433,0.5816326530612245
77.05767,8.36542,0.5222634508348795
76.03615,10.59907,0.5222634508348795
76.69039,8.81323,0.5222634508348795
76.59122,9.38517,0.5222634508348795
76.58066,9.38169,0.5222634508348795
75.3875,11.87431,0.5222634508348795
76.19187,10.80601,0.5222634508348795
75.37364,11.97841,0.5222634508348795
75.40903,11.86422,0.5222634508348795
75.28612,12.07272,0.5222634508348795
76.37722,11.00206,0.5424489795918367
75.2172,12.11554,0.5222634508348795
75.36561,11.97328,0.5222634508348795
75.37845,11.87439,0.5222634508348795
75.30958,11.98837,0.5222634508348795
76.73776,8.81149,0.5222634508348795
75.37896,11.87436,0.5222634508348795
75.37557,11.98782,0.5222634508348795
77.08894,8.5037,0.5222634508348795
75.36926,12.00637,0.5222634508348795
75.36837,11.8977,0.5222634508348795
76.42518,9.78184,0.5222634508348795
76.63884,8.87203,0.5222634508348795
76.63936,8.87792,0.5222634508348795
77.08528,8.50319,0.5222634508348795
76.75962,9.15231,0.5222634508348795
76.44456,9.78934,0.5222634508348795
77.08936,8.50524,0.5222634508348795
76.77375,8.73933,0.5222634508348795
76.79742,8.75628,0.5222634508348795
76.75862,8.75683,0.5222634508348795
76.55855,9.56382,0.5222634508348795
75.47073,11.76987,0.5222634508348795
76.75512,9.93598,0.5424489795918367
75.40594,11.86702,0.5222634508348795
76.60512,9.17972,0.5222634508348795
76.64617,8.86735,0.5222634508348795
76.64666,9.02605,0.5222634508348795
76.67138,8.98218,0.5222634508348795
76.38827,10.11746,0.5222634508348795
75.62026,11.61166,0.5222634508348795
76.63777,9.08872,0.5222634508348795
76.64553,9.02795,0.5222634508348795
76.64465,9.02722,0.5222634508348795
77.0788,8.45498,0.5222634508348795
76.83404,8.72054,0.5222634508348795
76.78812,9.26549,0.5816326530612245
76.06867,10.65013,0.5222634508348795
75.30179,12.13657,0.5222634508348795
75.22132,12.10884,0.5222634508348795
75.2429,12.1215,0.5222634508348795
75.3052,12.06816,0.5222634508348795
76.77786,8.78643,0.5222634508348795
76.83992,9.23477,0.5816326530612245
75.33069,11.96231,0.5222634508348795
75.3691,11.89281,0.5222634508348795
75.36893,11.88686,0.5222634508348795
75.36842,11.89942,0.5222634508348795
75.26418,12.07928,0.5222634508348795
75.30915,11.98892,0.5222634508348795
75.35339,12.04583,0.5222634508348795
76.84502,8.63887,0.5222634508348795
76.64867,8.86653,0.5222634508348795
75.29976,12.06904,0.5222634508348795
75.36049,12.03738,0.5222634508348795
76.61488,8.87651,0.5222634508348795
76.43269,9.77636,0.5222634508348795
75.37276,11.87679,0.5222634508348795
75.36163,11.91579,0.5222634508348795
76.42514,9.79406,0.5222634508348795
76.44468,9.78609,0.5222634508348795
76.7428,8.78116,0.5222634508348795
75.47854,11.76689,0.5222634508348795
75.45849,11.78072,0.5222634508348795
76.61187,9.1607,0.5222634508348795
76.6023,9.17201,0.5222634508348795
76.75886,8.78925,0.5222634508348795
76.64568,8.86747,0.5222634508348795
76.76101,8.77307,0.5222634508348795
76.6583,8.94185,0.5222634508348795
76.63364,9.10449,0.5222634508348795
75.48481,11.85356,0.5222634508348795
76.3135,10.30707,0.5222634508348795
75.55944,11.81638,0.5222634508348795
76.62866,9.04227,0.5222634508348795
76.65908,8.84281,0.5222634508348795
76.13667,10.7615,0.5222634508348795
76.78066,8.78382,0.5222634508348795
76.56409,9.37601,0.5222634508348795
75.21994,12.12413,0.5222634508348795
75.20696,12.10611,0.5222634508348795
77.05581,8.34441,0.5222634508348795
76.63632,9.09284,0.5222634508348795
76.71808,8.73788,0.5222634508348795
75.36702,12.02546,0.5222634508348795
75.29377,12.1132,0.5222634508348795
76.74666,8.73661,0.5222634508348795
75.28651,12.10519,0.5222634508348795
76.77132,8.79807,0.5222634508348795
75.31146,12.06543,0.5222634508348795
76.77024,8.79244,0.5222634508348795
76.74808,8.76322,0.5222634508348795
75.25925,12.06843,0.5222634508348795
75.32198,12.06218,0.5222634508348795
75.61488,11.61627,0.5222634508348795
76.77164,8.77663,0.5222634508348795
75.92558,10.91535,0.5222634508348795
75.33031,11.96301,0.5222634508348795
76.73292,8.85028,0.5222634508348795
76.65573,8.86519,0.5222634508348795
76.46761,9.75291,0.5222634508348795
76.42641,9.77331,0.5222634508348795
77.08524,8.50285,0.5222634508348795
75.37162,11.87731,0.5222634508348795
75.46703,11.77359,0.5222634508348795
76.4044,9.77008,0.5222634508348795
75.43677,11.81647,0.5222634508348795
75.23364,12.03239,0.5222634508348795
76.6613,8.84563,0.5222634508348795
76.63562,8.87249,0.5222634508348795
75.59673,11.60998,0.5222634508348795
76.6199,9.11946,0.5222634508348795
75.4696,11.76998,0.5222634508348795
76.63958,9.02369,0.5222634508348795
76.61698,9.14273,0.5222634508348795
76.6149,9.14516,0.5222634508348795
76.56967,9.15881,0.5222634508348795
75.59041,11.59113,0.5222634508348795
75.43298,11.8201,0.5222634508348795
76.2451,10.4433,0.5222634508348795
76.62841,9.04189,0.5222634508348795
79.61611,22.88361,0.5
76.65719,9.00867,0.5222634508348795
79.61611,22.88361,0.5
76.951004,10.323591,0.5424489795918367
79.61611,22.88361,0.5
76.7879,8.7821,0.5222634508348795
88.46361,27.55361,0.5979591836734693
76.66726,8.895029,0.5222634508348795
76.8507,8.9895,0.5222634508348795
93.012825,25.163309,0.6904761904761905
74.617371,15.249678,0.5979591836734693
85.3896,19.937,1.5
76.639433,8.895621,0.5222634508348795
73.311646,16.98983,0.5222634508348795
77.151817,10.036875,0.5424489795918367
73.650002,17.43,0.5979591836734693
76.770157,9.928395,0.5424489795918367
76.6632,9.370684,0.5222634508348795
76.338852,9.498067,0.5222634508348795
73.453217,18.540813,0.5979591836734693
74.530212,15.284267,0.5979591836734693
73.462685,18.472095,0.5979591836734693
73.928635,15.479417,0.5222634508348795
76.159853,10.971628,0.5222634508348795
74.870608,13.167423,0.5222634508348795
74.985273,13.130262,0.5222634508348795
76.283409,10.550249,0.5222634508348795
76.84726,9.713152,0.5816326530612245
76.333336,11.404942,0.5424489795918367
76.506783,9.578179,0.5222634508348795
91.30944,25.48417,0.6673469387755102
73.218295,20.344189,0.619309262166405
76.601892,8.870669,0.5222634508348795
79.61611,22.88361,0.5
77.32,10.78,0.5816326530612245
91.30944,25.48417,0.6673469387755102
76.695032,11.410204,0.5424489795918367
74.003571,15.964716,0.5979591836734693
73.271179,18.988659,0.5979591836734693
75.7944,11.2528,0.5222634508348795
79.8365,11.9857,0.7565597667638484
76.6142,10.3031,0.5424489795918367
78.7178,11.8022,0.5816326530612245
77.5,10.225,0.5424489795918367
76.890285,10.358025,0.5424489795918367
74.5939,14.9867,0.5979591836734693
76.892543,10.347891,0.5424489795918367
75.6611,12.5583,0.5424489795918367
76.931715,10.347996,0.5424489795918367
76.93045,10.35529,0.5424489795918367
76.928891,10.322817,0.5424489795918367
76.994109,10.369175,0.5424489795918367
76.96939,10.33992,0.5424489795918367
76.96924,10.33718,0.5424489795918367
76.91016,10.312675,0.5424489795918367
76.892244,10.298994,0.5424489795918367
76.8891,10.35745,0.5424489795918367
76.90952,10.31212,0.5424489795918367
76.92111,10.34614,0.5424489795918367
76.989666,10.397607,0.5424489795918367
76.93499,10.33779,0.5424489795918367
76.91162,10.31422,0.5424489795918367
76.928694,10.32346,0.5424489795918367
76.96867,10.33729,0.5424489795918367
76.99325,10.37667,0.5424489795918367
76.97179,10.33753,0.5424489795918367
76.99216,10.34827,0.5424489795918367
76.895241,10.348778,0.5424489795918367
76.967501,10.338319,0.5424489795918367
76.99316,10.37748,0.5424489795918367
76.93605,10.33759,0.5424489795918367
76.91125,10.31424,0.5424489795918367
76.992,10.35537,0.5424489795918367
76.92642,10.32421,0.5424489795918367
76.97017,10.33865,0.5424489795918367
76.995555,10.368692,0.5424489795918367
76.994,10.356,0.5424489795918367
76.9921,10.35129,0.5424489795918367
76.96983,10.33682,0.5424489795918367
76.932254,10.347278,0.5424489795918367
76.97091,10.33858,0.5424489795918367
76.9311,10.34626,0.5424489795918367
77.436232,8.531125,0.5816326530612245
76.93567,10.33756,0.5424489795918367
76.92979,10.34812,0.5424489795918367
76.968619,10.342972,0.5424489795918367
76.90688,10.31187,0.5424489795918367
77.430543,8.531698,0.5816326530612245
76.991853,10.371668,0.5424489795918367
77.376565,8.54991,0.5424489795918367
77.444858,8.525881,0.5816326530612245
77.385985,8.552347,0.5424489795918367
77.44528,8.524337,0.5816326530612245
77.434588,8.528225,0.5816326530612245
77.446264,8.507944,0.5816326530612245
77.355428,8.531619,0.5816326530612245
93.382529,26.655537,1.0
77.446594,8.525236,0.5816326530612245
73.04585,18.563114,0.619309262166405
76.744542,10.421652,0.5424489795918367
78.96,20.59,0.5583090379008746
95.926999,28.155702,1.0
88.363782,22.527403,0.9795918367346939
73.340187,18.566002,0.5979591836734693
73.417058,18.540196,0.5979591836734693
73.413364,18.603793,0.5979591836734693
73.41193,18.605983,0.5979591836734693
73.413053,18.602668,0.5979591836734693
73.78516,19.337191,0.5335276967930029
88.63,27.73,1.1530612244897958
73.510307,18.885708,0.619309262166405
73.493552,18.886134,0.619309262166405
73.430861,18.623434,0.5979591836734693
73.431389,18.623826,0.5979591836734693
73.474179,18.896497,0.619309262166405
73.53757,18.92837,0.619309262166405
73.4944,18.886341,0.619309262166405
73.537719,18.928706,0.619309262166405
73.505855,18.886376,0.619309262166405
73.505618,18.886863,0.619309262166405
73.793053,19.335706,0.5335276967930029
73.793751,19.335132,0.5335276967930029
73.792355,19.333472,0.5335276967930029
73.793265,19.335428,0.5335276967930029
73.53733,18.9278,0.619309262166405
73.358473,18.573906,0.5979591836734693
77.22,32.42,1.1530612244897958
77.99,32.79,1.0
76.060119,12.012127,0.5424489795918367
85.375626,25.021494,0.6904761904761905
74.207153,15.397003,0.5979591836734693
83.510002,19.51,0.5
80.27601,13.08519,0.9795918367346939
73.434575,18.455903,0.5979591836734693
77.3667,9.64028,0.5816326530612245
80.682897,16.483612,0.5583090379008746
73.765251,18.659534,0.5335276967930029
74.553037,16.773982,0.607871720116618
75.884651,25.212428,0.5816326530612245
78.049278,30.34051,0.607871720116618
85.12,25.35,0.6904761904761905
73.256587,18.294243,0.619309262166405
79.457871,13.564015,0.607871720116618
72.795789,19.169564,0.5222634508348795
75.570757,21.040982,0.607871720116618
90.64664,25.19324,0.6673469387755102
81.534905,19.790615,0.5
79.798254,11.999395,0.7565597667638484
75.378567,11.85925,0.5222634508348795
77.559584,12.883258,0.5816326530612245
75.37271,11.985533,0.5222634508348795
75.549999,20.945027,0.607871720116618
78.318514,17.358427,0.5583090379008746
75.48903,11.77901,0.5222634508348795
78.5185,11.62181,0.5816326530612245
82.141687,22.126132,0.5
75.567677,24.89699,0.5816326530612245
76.65301,9.01697,0.5222634508348795
80.72923,22.34968,0.5
79.797371,11.431276,0.7565597667638484
74.507611,14.876156,0.5979591836734693
76.329977,9.500056,0.5222634508348795
77.525313,12.883,0.5816326530612245
77.75,12.416667,0.5816326530612245
72.82443,21.1806,1.0
75.91499,11.849925,0.5424489795918367
75.743508,20.513989,0.5583090379008746
76.878849,10.510997,0.5424489795918367
78.219106,17.180575,0.5583090379008746
79.402137,9.186526,0.607871720116618
76.77231,9.99859,0.5424489795918367
78.633593,17.72085,0.5583090379008746
72.96359,19.238259,0.5222634508348795
76.633333,11.666667,0.5816326530612245
75.384938,11.944685,0.5222634508348795
76.666475,12.280232,0.5816326530612245
75.130278,33.827778,0.5748299319727891
78.35,32.65,1.0
76.659858,9.005544,0.5222634508348795
79.4167,13.65,0.607871720116618
76.67031,8.9567,0.5222634508348795
73.107668,19.209686,0.619309262166405
78.36,32.7,1.0
78.472175,17.409531,0.5583090379008746
75.528698,12.38655,0.5424489795918367
78.334796,17.396811,0.5583090379008746
83.304688,21.806713,0.8061224489795917
76.37812,10.749621,0.5222634508348795
78.0086,30.3208,0.607871720116618
76.19286,10.48673,0.5222634508348795
75.206561,12.098531,0.5222634508348795
93.017927,26.365659,0.6673469387755102
79.7659,11.9523,0.7565597667638484
76.8127,8.72264,0.5222634508348795
74.82,34.08,0.5748299319727891
79.74259,16.8392,0.5583090379008746
88.5,27.75,1.0
75.627029,30.890528,0.607871720116618
75.40296,13.879291,0.5979591836734693
80.13,30.43,1.0
73.409076,18.755724,0.5979591836734693
78.02,33.51,1.0
73.78411,17.71339,0.619309262166405
77.58,34.17,1.0
75.37602,11.87598,0.5222634508348795
87.9027,22.7875,0.6904761904761905
77.670145,12.912403,0.5816326530612245
76.935492,30.556595,0.607871720116618
77.231202,28.65486,0.607871720116618
78.36749,17.41353,0.5583090379008746
78.51567,11.62274,0.5816326530612245
88.235208,27.285788,0.5424489795918367
75.77,33.32,0.5748299319727891
77.135451,8.682522,0.5816326530612245
77.5167,10.2417,0.5816326530612245
88.4517,27.5544,0.5979591836734693
80.250152,13.005345,0.7565597667638484
76.538017,9.451792,0.5222634508348795
74.83,34.12,0.5748299319727891
77.576826,13.067806,0.5816326530612245
77.170228,10.359198,0.5816326530612245
95.56,27.01,0.5979591836734693
72.953622,19.281187,0.5222634508348795
76.60073,9.1711,0.5222634508348795
75.804625,26.802346,0.5816326530612245
94.795539,25.867651,0.9795918367346939
79.583664,21.474013,0.5583090379008746
83.363745,20.676133,0.8061224489795917
74.011668,15.932791,0.5979591836734693
81.120137,16.698488,0.5583090379008746
79.271031,10.864258,0.607871720116618
78.519744,17.396967,0.5583090379008746
88.361678,22.51268,0.9795918367346939
77.050611,30.249766,0.607871720116618
78.434585,22.467445,0.5
73.432617,18.449541,0.5979591836734693
76.32778,9.73534,0.5222634508348795
91.020325,26.745993,1.0
74.05655,19.203928,0.607871720116618
77.283333,8.666667,0.5424489795918367
78.032192,30.316495,0.607871720116618
77.167591,10.260382,0.5424489795918367
76.652222,10.398056,0.5424489795918367
76.866614,10.418859,0.5424489795918367
78.383307,17.325643,0.5583090379008746
87.013156,22.979811,0.5583090379008746
78.47947,11.65538,0.5816326530612245
79.8294,11.953,0.7565597667638484
74.503249,15.814653,0.607871720116618
80.241371,13.071745,0.7565597667638484
75.8485,21.04348,0.5335276967930029
75.0923,30.683867,0.607871720116618
72.63928,23.18717,0.5816326530612245
73.02948,18.97534,0.5222634508348795
91.628245,26.431102,1.0
92.023799,24.173864,0.6904761904761905
74.630746,16.834832,0.607871720116618
75.952175,10.80121,0.5222634508348795
78.51411,11.61702,0.5816326530612245
76.13,18.67,0.607871720116618
74.444011,16.821762,0.607871720116618
78.25,33.17,1.0
77.578797,34.167393,1.0
73.902465,18.551192,0.5335276967930029
76.615604,12.277096,0.5816326530612245
75.26249,12.082706,0.5222634508348795
78.55728,13.92677,0.607871720116618
73.839915,18.139676,0.5335276967930029
83.875092,25.765131,0.607871720116618
88.4162,22.5846,0.9795918367346939
74.20696,16.680986,0.5335276967930029
77.551732,17.879194,0.5583090379008746
76.857783,32.726713,1.1530612244897958
77.399998,12.816668,0.5816326530612245
77.72556,12.99614,0.5816326530612245
72.873058,19.172054,0.5222634508348795
72.64767,23.17606,0.5816326530612245
78.782515,10.209069,0.607871720116618
76.64638,8.8674,0.5222634508348795
77.302895,22.984629,0.5335276967930029
76.957472,9.839668,0.5424489795918367
91.633333,25.583333,0.6673469387755102
88.561613,27.290824,0.5424489795918367
81.610183,27.588999,0.607871720116618
77.374301,23.220991,0.5335276967930029
77.344608,10.223538,0.5816326530612245
72.917108,18.73947,0.5222634508348795
71.67,25.58,1.0
78.44,32.87,1.0
73.324659,18.970346,0.5979591836734693
76.051962,11.276829,0.5424489795918367
76.74532,9.89283,0.5424489795918367
76.81,34.42,1.0
78.631389,12.573889,0.5816326530612245
88.32242,22.68415,0.6904761904761905
83.648239,18.067158,0.5
75.283522,12.072443,0.5222634508348795
78.0114,9.94074,0.5816326530612245
77.960613,10.743879,0.5816326530612245
84.883612,19.301121,1.5
75.584859,31.094683,0.607871720116618
77.53,32.95,1.0
78.00434,8.530446,0.607871720116618
80.248984,13.0151,0.7565597667638484
77.03,24.83,0.5816326530612245
74.82,34.08,0.5748299319727891
76.15,32.817,0.5748299319727891
78.36,32.98,1.0
76.924693,11.005848,0.5816326530612245
77.139542,8.680353,0.5816326530612245
81.004738,16.440155,0.5583090379008746
77.527243,12.874206,0.5816326530612245
76.49968,10.79183,0.5816326530612245
72.90917,20.92924,1.0
75.77,34.43,1.0
79.8057,11.9869,0.7565597667638484
75.915744,11.850397,0.5424489795918367
79.130682,12.879149,0.5816326530612245
77.47,33.59,1.0
77.679416,12.920397,0.5816326530612245
73.855263,18.02953,0.5335276967930029
80.075645,12.926388,0.7565597667638484
76.205808,20.813037,0.5583090379008746
72.360001,22.83,0.607871720116618
79.602277,12.895113,0.7565597667638484
76.78909,9.26449,0.5816326530612245
78.01,33.23,1.0
77.029167,10.173611,0.5424489795918367
78.969025,17.474688,0.5583090379008746
80.28,30.25,1.0
77.77,31.19,0.5748299319727891
76.4797,33.9131,1.0
77.15,33.24,1.0
75.491867,34.196469,1.1530612244897958
73.176263,23.94321,0.5816326530612245
80.25072,13.023964,0.7565597667638484
85.855331,20.465292,1.5
76.974388,8.452554,0.5222634508348795
78.491698,17.416875,0.5583090379008746
75.35483,11.94733,0.5222634508348795
78.133221,30.083355,0.607871720116618
87.321487,22.430889,0.5583090379008746
80.190613,30.344576,1.0
76.676822,10.115844,0.5424489795918367
77.2,33.31,1.0
75.58806,11.60516,0.5222634508348795
74.593538,34.071251,0.5748299319727891
77.57,32.87,1.1530612244897958
76.49968,10.79181,0.5816326530612245
76.79999,8.78166,0.5222634508348795
77.999999,30.341215,0.607871720116618
92.15,21.58,0.6904761904761905
77.410517,23.216475,0.5335276967930029
80.00375,15.05153,0.607871720116618
77.05,9.3,0.5816326530612245
74.508867,15.865107,0.607871720116618
73.838659,15.453635,0.5222634508348795
77.02186,8.37518,0.5222634508348795
77.466446,8.504928,0.5816326530612245
74.000017,16.448455,0.619309262166405
76.209447,10.881263,0.5222634508348795
76.89256,10.35953,0.5424489795918367
77.567488,13.039617,0.5816326530612245
73.859549,16.561429,0.5979591836734693
76.60313,11.322816,0.5424489795918367
79.627925,29.477775,0.5424489795918367
70.570184,21.309062,0.607871720116618
76.582947,11.25148,0.5424489795918367
76.63514,10.73321,0.5424489795918367
77.57645,12.795567,0.5816326530612245
93.88,27.84,0.5979591836734693
73.831694,16.54675,0.5979591836734693
75.36896,12.00928,0.5222634508348795
79.602763,30.728831,1.0
75.395902,13.044837,0.5979591836734693
88.4517,27.5544,0.5979591836734693
72.84513,19.08036,0.5222634508348795
75.57552,13.942279,0.619309262166405
76.217736,30.533872,0.607871720116618
80.0,12.8333,0.7565597667638484
73.028224,24.777005,0.5816326530612245
73.905816,20.735496,0.5335276967930029
79.83333,11.01667,0.7565597667638484
76.78514,8.76733,0.5222634508348795
77.63,34.07,1.0
75.21333,33.77638,0.5748299319727891
77.3292,8.52083,0.5816326530612245
78.582467,17.336305,0.5583090379008746
76.325043,9.946874,0.5222634508348795
73.404528,18.957835,0.5979591836734693
73.776824,18.596085,0.5335276967930029
75.44562,11.83494,0.5222634508348795
76.585508,9.985267,0.5816326530612245
80.702788,28.504358,0.6673469387755102
77.078018,9.417396,0.5424489795918367
72.88815,19.352573,0.5222634508348795
74.018261,17.680464,0.5335276967930029
88.76133,27.37309,0.6484230055658627
79.79493,11.9316,0.7565597667638484
76.630218,28.884005,0.607871720116618
77.05753,8.33985,0.5222634508348795
78.818205,18.112331,0.5583090379008746
73.647734,17.930729,0.5979591836734693
77.496941,8.728613,0.5816326530612245
79.716667,22.033333,0.5
77.057738,28.395563,0.607871720116618
80.27,30.23,1.0
73.035357,26.352417,0.607871720116618
77.483284,12.957402,0.5816326530612245
75.1917,13.2,0.5979591836734693
72.765868,22.23974,0.5816326530612245
77.67,34.03,1.0
77.602037,13.007489,0.5816326530612245
75.42263,11.83907,0.5222634508348795
77.0,33.0,1.1530612244897958
76.72,34.28,1.0
91.896557,25.56574,0.6673469387755102
72.521505,23.02713,0.5816326530612245
75.533333,33.133333,0.5748299319727891
79.801238,12.014747,0.7565597667638484
76.304181,9.790531,0.5222634508348795
76.57953,9.38563,0.5222634508348795
72.78214,21.20056,1.0
76.89254,8.522839,0.5222634508348795
77.11814,11.08524,0.5816326530612245
79.806759,28.957767,0.6673469387755102
79.378752,13.620605,0.607871720116618
78.628062,31.880478,1.1530612244897958
75.111301,13.229578,0.5979591836734693
72.64861,23.20993,0.5816326530612245
77.499198,10.238668,0.5424489795918367
73.503642,24.496711,0.5816326530612245
80.26338,13.036112,0.7565597667638484
75.81048,11.92194,0.5424489795918367
73.520992,16.977001,0.619309262166405
76.788878,12.990881,0.5816326530612245
73.014856,19.50756,0.5222634508348795
88.407666,22.690948,0.9795918367346939
78.476905,17.430512,0.5583090379008746
77.64502,13.091187,0.607871720116618
79.140701,12.590753,0.5816326530612245
76.69764,8.82164,0.5222634508348795
75.641923,13.13617,0.5979591836734693
78.366136,17.370803,0.5583090379008746
77.180071,9.587903,0.5424489795918367
76.939019,11.065137,0.5816326530612245
92.597679,26.806137,1.0
75.615395,31.32288,0.607871720116618
77.31363,28.32388,0.607871720116618
76.412273,27.364386,0.5816326530612245
75.154687,34.205671,1.1530612244897958
73.942778,20.724722,0.5335276967930029
78.912444,22.058847,0.5
86.457802,22.518768,0.5583090379008746
78.915263,13.980843,0.607871720116618
77.2417,8.725,0.5424489795918367
78.33,33.01,1.0
77.106223,13.334385,0.607871720116618
88.291636,22.579842,0.6904761904761905
76.424492,10.727877,0.5222634508348795
73.314537,28.005407,1.0
76.31668,9.91582,0.5222634508348795
88.5,27.75,1.0
88.222625,21.757311,1.5
76.0074,10.98525,0.5222634508348795
76.033836,32.518642,0.5748299319727891
85.833258,20.271128,1.5
72.692164,21.222308,1.0
75.321713,11.988349,0.5222634508348795
72.942279,19.249382,0.5222634508348795
78.505318,17.455912,0.5583090379008746
76.42763,10.38547,0.5222634508348795
81.86667,27.25,0.607871720116618
92.282275,27.398328,0.6484230055658627
76.74622,8.78265,0.5222634508348795
76.303567,9.790314,0.5222634508348795
77.10844,8.53534,0.5816326530612245
74.424444,34.059167,0.5748299319727891
85.193168,19.716825,1.5
73.69931,18.383213,0.619309262166405
82.717011,18.010946,0.5
75.43,34.25,1.1530612244897958
76.56222,9.37717,0.5222634508348795
78.50043,11.65197,0.5816326530612245
95.811255,28.033939,1.0
76.885361,11.097385,0.5816326530612245
77.182527,28.527901,0.607871720116618
78.549797,17.421533,0.5583090379008746
75.677458,15.914249,0.607871720116618
77.08037,13.327005,0.607871720116618
76.187149,11.601311,0.5424489795918367
79.237518,11.71511,0.607871720116618
91.80729,25.5287,0.6673469387755102
76.946096,12.813853,0.5816326530612245
78.202039,11.734049,0.5816326530612245
73.856744,18.52043,0.5335276967930029
78.033333,30.316667,0.607871720116618
75.261031,12.501996,0.5424489795918367
75.368482,11.874464,0.5222634508348795
76.459285,12.444049,0.5816326530612245
75.95,12.74,0.619309262166405
68.947998,22.320756,0.607871720116618
77.515058,28.445803,0.607871720116618
88.288493,22.557088,0.6904761904761905
91.649504,26.134309,1.0
79.7555,11.9634,0.7565597667638484
79.5,10.5,0.7565597667638484
86.994087,22.502949,0.5583090379008746
79.123083,12.072726,0.607871720116618
80.23751,30.07058,0.5748299319727891
72.81033,21.15993,1.0
88.076223,27.037135,0.6484230055658627
78.30497,12.795935,0.607871720116618
80.066315,12.845195,0.7565597667638484
75.55152,20.949334,0.607871720116618
73.790176,21.146097,0.619309262166405
92.939291,25.793961,0.6673469387755102
77.340365,28.608503,0.607871720116618
77.88,32.69,1.1530612244897958
76.316156,9.685115,0.5222634508348795
77.14525,32.43251,1.1530612244897958
78.669655,22.344223,0.5
77.266667,8.933333,0.5816326530612245
76.30467,9.790611,0.5222634508348795
76.59583,9.08954,0.5222634508348795
91.857797,26.204976,1.0
77.534172,13.144671,0.607871720116618
77.438324,28.686148,0.607871720116618
74.534173,19.071954,0.607871720116618
76.801643,11.348398,0.5424489795918367
77.7,32.89,1.1530612244897958
75.8121,25.2017,0.5816326530612245
88.415541,22.588334,0.9795918367346939
76.693311,12.246043,0.5816326530612245
76.67,32.83,1.1530612244897958
74.92,32.73,0.607871720116618
80.018406,12.692803,0.7565597667638484
77.49,10.23,0.5424489795918367
72.875607,19.180406,0.5222634508348795
93.380936,25.817793,0.6673469387755102
76.83,33.58,1.0
73.80251,18.555776,0.5335276967930029
73.498993,20.754217,0.619309262166405
77.648781,12.954998,0.5816326530612245
76.625565,10.75237,0.5424489795918367
74.593858,16.849109,0.607871720116618
72.86663,19.157917,0.5222634508348795
73.003445,26.276909,0.607871720116618
77.53093,9.46629,0.5816326530612245
88.367385,27.16718,0.5424489795918367
75.67,14.25,0.619309262166405
75.031808,26.629033,0.5816326530612245
80.251922,13.005441,0.7565597667638484
76.35772,9.948896,0.5222634508348795
78.42525,17.420945,0.5583090379008746
75.47928,11.76552,0.5222634508348795
76.76609,8.8119,0.5222634508348795
72.332552,22.571918,0.607871720116618
75.568692,21.020388,0.607871720116618
94.28334,25.143524,0.6904761904761905
88.34855,22.560704,0.6904761904761905
73.19101,17.7677,0.5222634508348795
73.825108,17.717781,0.619309262166405
76.95793,11.292497,0.5816326530612245
79.399622,13.615645,0.607871720116618
88.15736,26.99121,0.5979591836734693
75.61587,11.60991,0.5222634508348795
74.916564,34.16741,0.5748299319727891
75.545225,12.175681,0.5424489795918367
83.065545,23.175228,0.5
78.37,32.87,1.0
79.6162,22.88348,0.5
75.326712,34.017103,0.8755102040816327
82.003145,16.577603,0.5
77.578767,13.067664,0.5816326530612245
77.520647,10.43966,0.5816326530612245
88.34824,22.67842,0.6904761904761905
77.031624,28.592022,0.607871720116618
81.149941,25.387145,0.607871720116618
76.372382,26.017944,0.5816326530612245
82.62569,24.93758,0.607871720116618
74.995064,15.445849,0.607871720116618
74.743222,14.939194,0.5979591836734693
73.794866,18.56427,0.5335276967930029
76.6447,8.84015,0.5222634508348795
75.46372,11.77749,0.5222634508348795
76.9431,11.35,0.5816326530612245
75.49666,11.81042,0.5222634508348795
77.070506,28.514026,0.607871720116618
75.106054,13.510944,0.5979591836734693
80.2,30.33,1.0
77.178286,32.252247,1.1530612244897958
73.752047,18.679224,0.5335276967930029
79.79969,12.0194,0.7565597667638484
88.4517,27.5544,0.5979591836734693
77.561081,12.861511,0.5816326530612245
73.777203,19.451271,0.607871720116618
74.788334,30.135853,0.607871720116618
76.60878,8.89628,0.5222634508348795
73.78443,24.775082,0.5816326530612245
80.324156,29.884069,0.5748299319727891
76.716087,32.041161,0.5424489795918367
85.51667,25.18333,0.6904761904761905
75.47943,11.76536,0.5222634508348795
76.45806,9.75116,0.5222634508348795
74.58739,16.42574,0.607871720116618
75.8075,25.2136,0.5816326530612245
91.887099,25.588712,0.6673469387755102
75.739998,13.55,0.619309262166405
74.0,26.0,0.5816326530612245
78.23,33.2,1.0
84.885525,26.708095,0.6904761904761905
87.983334,27.583333,1.1530612244897958
77.045363,10.332647,0.5816326530612245
90.91361,26.33072,1.0
77.5292,8.28333,0.5222634508348795
78.4621,17.414243,0.5583090379008746
73.00898,21.498446,0.5816326530612245
73.279913,19.015149,0.5979591836734693
72.916823,18.73852,0.5222634508348795
75.342222,19.8775,0.5583090379008746
77.26,33.08,1.0
76.885803,10.028061,0.5424489795918367
76.77045,9.207155,0.5222634508348795
75.646362,12.873392,0.5979591836734693
91.191074,26.770567,1.0
73.479125,18.562808,0.5979591836734693
72.83726,18.97886,0.5222634508348795
73.830709,15.568445,0.5222634508348795
77.183331,30.716666,0.607871720116618
79.492878,13.6426,0.607871720116618
72.944892,19.446555,0.5222634508348795
74.087289,18.150774,0.607871720116618
77.78,33.13,1.0
76.326057,9.947052,0.5222634508348795
72.61,23.11281,0.5816326530612245
75.884,12.964,0.619309262166405
74.378723,16.811876,0.607871720116618
75.166667,14.816667,0.619309262166405
74.82,34.08,0.5748299319727891
75.2,33.42,0.5748299319727891
75.570356,21.024127,0.607871720116618
76.823658,9.162897,0.5222634508348795
78.36469,17.41075,0.5583090379008746
76.512892,29.197789,0.607871720116618
73.166777,19.230751,0.619309262166405
74.459,16.292,0.607871720116618
77.577899,13.066713,0.5816326530612245
78.242155,11.761219,0.5816326530612245
78.531862,17.416932,0.5583090379008746
70.696031,20.800925,0.607871720116618
72.927318,19.436991,0.5222634508348795
72.721169,23.45422,0.5816326530612245
77.48268,13.049479,0.5816326530612245
73.455588,21.985794,0.5816326530612245
77.203867,28.556634,0.607871720116618
72.837699,19.192542,0.5222634508348795
73.03293,18.97611,0.5222634508348795
71.672467,22.004149,0.607871720116618
78.15,33.55,1.0
76.831325,10.48095,0.5424489795918367
73.181219,22.307159,0.5816326530612245
88.536062,27.38616,0.5424489795918367
79.796019,11.436318,0.7565597667638484
74.086509,22.573907,0.5816326530612245
76.80945,8.68942,0.5222634508348795
79.402136,28.992037,0.607871720116618
73.841,18.52365,0.5335276967930029
76.303568,9.79054,0.5222634508348795
80.270718,13.08268,0.9795918367346939
77.53,33.48,1.0
77.328201,11.028102,0.5816326530612245
79.5,10.5,0.7565597667638484
76.66,34.52,1.0
95.333614,28.043466,1.0
75.7955,26.8635,0.5816326530612245
80.210983,13.080735,0.7565597667638484
75.7935,11.55077,0.5816326530612245
74.20696,16.680986,0.5335276967930029
77.65,34.13,1.0
76.492158,11.501173,0.5816326530612245
77.91,10.36,0.5816326530612245
77.0753,8.46301,0.5222634508348795
76.8,34.42,1.0
73.682269,18.246653,0.619309262166405
75.37371,11.86934,0.5222634508348795
77.7425,33.645167,1.0
77.551553,12.815847,0.5816326530612245
76.345411,33.418168,1.1530612244897958
78.367524,17.442493,0.5583090379008746
77.133136,28.797226,0.607871720116618
79.086483,12.581725,0.5816326530612245
73.78249,18.62677,0.5335276967930029
72.82681,19.4317,0.5222634508348795
77.567835,12.798588,0.5816326530612245
77.23979,28.589595,0.607871720116618
79.6075,29.838056,0.5424489795918367
75.99902,11.40397,0.5424489795918367
76.58265,9.3865,0.5222634508348795
76.654442,12.303889,0.5816326530612245
77.77,33.52,1.0
79.197026,12.874972,0.5816326530612245
76.733291,9.667272,0.5222634508348795
78.34,33.14,1.0
73.988616,15.406532,0.5222634508348795
74.486544,16.76115,0.607871720116618
72.694755,24.545983,0.5816326530612245
77.028817,10.302831,0.5424489795918367
77.011764,11.33251,0.5816326530612245
79.495346,30.772616,1.0
75.764453,12.874148,0.619309262166405
73.497566,20.773729,0.619309262166405
73.01673,26.304825,0.607871720116618
76.30467,9.790611,0.5222634508348795
79.1527,11.801953,0.607871720116618
75.43,16.370001,0.607871720116618
92.746331,11.672995,1.0
75.49751,11.82289,0.5222634508348795
79.13057,18.404133,0.5583090379008746
76.42,33.08,1.1530612244897958
85.170893,25.619395,0.6904761904761905
74.82,34.08,0.5748299319727891
73.745802,18.675068,0.5335276967930029
84.12804,20.452621,0.5
91.27102,25.52213,0.6673469387755102
73.393305,22.54168,0.5816326530612245
74.52032,33.60783,0.5424489795918367
76.053139,22.350281,0.5335276967930029
73.945137,16.954193,0.619309262166405
77.22,34.28,1.0
76.38952,10.11936,0.5222634508348795
91.460222,25.366506,0.6673469387755102
76.89139,8.54761,0.5222634508348795
76.327103,9.751436,0.5222634508348795
78.067989,30.105299,0.607871720116618
76.83054,8.69983,0.5222634508348795
73.191907,22.293599,0.5816326530612245
72.546039,23.032228,0.5816326530612245
77.247922,8.617364,0.5424489795918367
75.163082,20.023143,0.5583090379008746
83.180484,19.954106,0.8061224489795917
79.395342,13.619895,0.607871720116618
78.419769,17.537807,0.5583090379008746
91.266991,23.755699,0.6904761904761905
77.579136,8.154462,0.5222634508348795
78.12,32.52,1.1530612244897958
75.6186,12.2421,0.5424489795918367
77.656688,13.01005,0.5816326530612245
77.319331,9.870863,0.5424489795918367
75.561351,12.076256,0.5424489795918367
72.83257,21.18392,0.5816326530612245
76.37385,9.9192,0.5222634508348795
75.59005,11.59373,0.5222634508348795
78.278538,17.441584,0.5583090379008746
75.7,34.4,1.0
77.026479,28.513098,0.607871720116618
78.623842,17.722333,0.5583090379008746
78.775966,23.829739,0.5335276967930029
77.0,35.0,1.0
76.455477,12.167788,0.5816326530612245
73.598107,19.309808,0.5335276967930029
78.96131,12.224015,0.5816326530612245
87.5583,21.653,0.6904761904761905
74.404892,16.770225,0.607871720116618
77.57403,13.06635,0.5816326530612245
77.888096,31.974645,1.1530612244897958
75.77,33.32,0.5748299319727891
77.58,34.17,1.0
76.56198,9.539457,0.5222634508348795
77.367,8.729,0.5424489795918367
78.574847,17.410634,0.5583090379008746
87.287476,22.418599,0.5583090379008746
73.889748,16.356982,0.5979591836734693
73.237064,22.329183,0.5816326530612245
76.38847,10.11974,0.5222634508348795
75.342073,11.975174,0.5222634508348795
69.61,21.64,0.607871720116618
92.191321,25.435964,0.6673469387755102
81.906909,19.780799,0.5
75.33,34.03,0.8755102040816327
87.9027,22.7875,0.6904761904761905
77.501667,12.6725,0.5816326530612245
88.5,22.5,0.9795918367346939
72.971283,19.194087,0.5222634508348795
75.40798,11.86434,0.5222634508348795
93.695448,24.4001,0.6904761904761905
76.767531,30.761464,0.607871720116618
73.188035,22.308976,0.5816326530612245
72.65377,23.21206,0.5816326530612245
79.305901,20.340026,0.5583090379008746
83.311444,17.74171,0.5
78.37,33.24,1.0
75.77574,11.55163,0.5222634508348795
76.51706,10.18266,0.5816326530612245
75.81021,11.58131,0.5424489795918367
76.633333,12.3,0.5816326530612245
80.197883,13.0192,0.7565597667638484
77.95,33.35,1.0
80.241835,13.035056,0.7565597667638484
76.48219,10.7805,0.5816326530612245
75.61106,11.63187,0.5222634508348795
78.385995,17.42881,0.5583090379008746
73.856744,18.52043,0.5335276967930029
73.496539,20.773849,0.619309262166405
77.007126,9.80434,0.5424489795918367
77.21154,28.616348,0.607871720116618
81.57571,20.896987,0.5
87.5583,21.653,0.6904761904761905
73.747604,16.166819,0.619309262166405
72.986836,19.147017,0.5222634508348795
80.652743,16.533048,0.5583090379008746
76.80305,10.96237,0.5816326530612245
78.43369,13.92551,0.607871720116618
76.83,33.58,1.0
75.583173,13.97314,0.619309262166405
72.552195,23.037593,0.5816326530612245
79.9489,12.9689,0.7565597667638484
76.928678,11.041872,0.5816326530612245
80.13,30.43,1.0
79.245514,11.320546,0.607871720116618
76.10062,11.586835,0.5424489795918367
75.961888,31.15562,0.607871720116618
76.145378,29.73388,0.607871720116618
76.304301,9.793634,0.5222634508348795
76.38847,10.11974,0.5222634508348795
76.55783,9.59493,0.5222634508348795
76.304928,9.790814,0.5222634508348795
85.412632,23.964422,0.5583090379008746
78.321074,30.129258,0.607871720116618
75.77,33.32,0.5748299319727891
79.596827,13.676303,0.607871720116618
77.491735,13.200009,0.607871720116618
77.0676,8.34364,0.5222634508348795
80.970894,26.901936,0.607871720116618
81.462057,19.646713,0.5
75.943104,34.181763,1.0
73.386304,23.687546,0.5816326530612245
76.785792,30.920423,0.607871720116618
83.509447,26.264308,0.607871720116618
92.089033,26.742074,1.0
78.16925,11.67004,0.5816326530612245
73.971728,15.749521,0.619309262166405
78.1,32.83,1.0
73.80929,18.4852,0.5335276967930029
85.8302,19.8048,1.5
76.64535,9.05508,0.5222634508348795
85.036012,25.598435,0.6904761904761905
78.094167,30.251389,0.607871720116618
86.912769,24.863452,0.5583090379008746
76.218414,10.077101,0.5222634508348795
78.3,32.74,1.0
80.748223,27.864104,0.607871720116618
76.78,34.4,1.0
82.03333,18.25,0.8061224489795917
76.99985,10.3646,0.5424489795918367
78.360363,17.455525,0.5583090379008746
74.009444,17.664166,0.5335276967930029
75.22,33.52,0.5748299319727891
77.923284,12.884587,0.5816326530612245
75.713888,19.75148,0.5583090379008746
79.847579,10.924432,0.7565597667638484
72.845109,19.028302,0.5222634508348795
76.982015,8.398813,0.5222634508348795
78.489211,17.537565,0.5583090379008746
88.4517,27.5544,0.5979591836734693
73.633017,22.777048,0.5816326530612245
92.782372,24.833763,0.6904761904761905
80.948479,26.85754,0.607871720116618
94.59,27.47,1.0
78.418077,17.417047,0.5583090379008746
76.955397,10.326973,0.5424489795918367
74.411,33.5815,0.5424489795918367
76.733205,11.21482,0.5816326530612245
79.450523,18.936893,0.5
79.8167,17.9167,0.5
77.578797,34.167393,1.0
77.203147,27.533217,0.607871720116618
92.39,23.44,0.6904761904761905
75.63305,25.461086,0.5816326530612245
79.607607,29.370223,0.5424489795918367
94.139702,25.511175,0.6904761904761905
77.97,33.38,1.0
76.65526,8.86005,0.5222634508348795
72.505409,24.27186,0.5816326530612245
75.786371,26.832175,0.5816326530612245
75.9,13.0,0.619309262166405
77.008045,10.888278,0.5816326530612245
76.66,34.52,1.0
73.620073,18.708273,0.619309262166405
76.8151,8.73039,0.5222634508348795
77.890811,10.50594,0.5816326530612245
77.624613,13.000748,0.5816326530612245
76.76,34.38,1.0
72.442324,23.038829,0.607871720116618
73.87968,15.39295,0.5222634508348795
76.76,30.76,0.607871720116618
73.291278,16.946596,0.5222634508348795
73.7,17.933333,0.5979591836734693
77.563249,13.024313,0.5816326530612245
74.883424,12.72683,0.5222634508348795
77.632222,8.165,0.5222634508348795
76.27712,10.34322,0.5222634508348795
76.997292,20.682262,0.5583090379008746
77.686501,13.437153,0.607871720116618
73.040231,19.188998,0.5222634508348795
